symbol,timeframe,strategy,category,train_bars,long_signals,short_signals,total_signals
AUDUSD,M30,EMACrossoverStrategy,trend,34559,765,765,1530
AUDUSD,M30,SupertrendStrategy,trend,34559,60,61,121
AUDUSD,M30,MACDTrendStrategy,trend,34559,1347,1346,2693
AUDUSD,M30,ADXTrendStrategy,trend,34559,854,855,1709
AUDUSD,M30,IchimokuStrategy,trend,34559,384,344,728
AUDUSD,M30,HullMATrendStrategy,trend,34559,1919,1920,3839
AUDUSD,M30,RSIExtremesStrategy,mr,34559,1055,1167,2222
AUDUSD,M30,BollingerBounceStrategy,mr,34559,1522,1555,3077
AUDUSD,M30,ZScoreMRStrategy,mr,34559,1003,1037,2040
AUDUSD,M30,StochasticReversalStrategy,mr,34559,2805,2860,5665
AUDUSD,M30,CCIReversalStrategy,mr,34559,1621,1671,3292
AUDUSD,M30,WilliamsRStrategy,mr,34559,2384,2399,4783
AUDUSD,M30,DonchianBreakoutStrategy,breakout,34559,2119,2032,4151
AUDUSD,M30,VolatilityBreakoutStrategy,breakout,34559,632,643,1275
AUDUSD,M30,MomentumBurstStrategy,breakout,34559,1100,1206,2306
AUDUSD,M30,SqueezeBreakoutStrategy,breakout,34559,681,629,1310
AUDUSD,M30,KeltnerBreakoutStrategy,breakout,34559,2506,2544,5050
AUDUSD,M30,PivotBreakoutStrategy,breakout,34559,5780,5858,11638
AUDUSD,H1,EMACrossoverStrategy,trend,17215,379,378,757
AUDUSD,H1,SupertrendStrategy,trend,17215,30,29,59
AUDUSD,H1,MACDTrendStrategy,trend,17215,675,674,1349
AUDUSD,H1,ADXTrendStrategy,trend,17215,411,418,829
AUDUSD,H1,IchimokuStrategy,trend,17215,179,177,356
AUDUSD,H1,HullMATrendStrategy,trend,17215,942,942,1884
AUDUSD,H1,RSIExtremesStrategy,mr,17215,528,608,1136
AUDUSD,H1,BollingerBounceStrategy,mr,17215,687,715,1402
AUDUSD,H1,ZScoreMRStrategy,mr,17215,477,501,978
AUDUSD,H1,StochasticReversalStrategy,mr,17215,1388,1465,2853
AUDUSD,H1,CCIReversalStrategy,mr,17215,787,851,1638
AUDUSD,H1,WilliamsRStrategy,mr,17215,1116,1186,2302
AUDUSD,H1,DonchianBreakoutStrategy,breakout,17215,1005,1031,2036
AUDUSD,H1,VolatilityBreakoutStrategy,breakout,17215,286,298,584
AUDUSD,H1,MomentumBurstStrategy,breakout,17215,1155,1280,2435
AUDUSD,H1,SqueezeBreakoutStrategy,breakout,17215,351,316,667
AUDUSD,H1,KeltnerBreakoutStrategy,breakout,17215,1243,1324,2567
AUDUSD,H1,PivotBreakoutStrategy,breakout,17215,2864,2848,5712
AUDUSD,H4,EMACrossoverStrategy,trend,4203,105,105,210
AUDUSD,H4,SupertrendStrategy,trend,4203,5,6,11
AUDUSD,H4,MACDTrendStrategy,trend,4203,182,182,364
AUDUSD,H4,ADXTrendStrategy,trend,4203,105,106,211
AUDUSD,H4,IchimokuStrategy,trend,4203,38,54,92
AUDUSD,H4,HullMATrendStrategy,trend,4203,243,244,487
AUDUSD,H4,RSIExtremesStrategy,mr,4203,138,143,281
AUDUSD,H4,BollingerBounceStrategy,mr,4203,136,158,294
AUDUSD,H4,ZScoreMRStrategy,mr,4203,112,117,229
AUDUSD,H4,StochasticReversalStrategy,mr,4203,336,357,693
AUDUSD,H4,CCIReversalStrategy,mr,4203,184,217,401
AUDUSD,H4,WilliamsRStrategy,mr,4203,266,313,579
AUDUSD,H4,DonchianBreakoutStrategy,breakout,4203,238,287,525
AUDUSD,H4,VolatilityBreakoutStrategy,breakout,4203,65,64,129
AUDUSD,H4,MomentumBurstStrategy,breakout,4203,667,715,1382
AUDUSD,H4,SqueezeBreakoutStrategy,breakout,4203,81,78,159
AUDUSD,H4,KeltnerBreakoutStrategy,breakout,4203,258,296,554
AUDUSD,H4,PivotBreakoutStrategy,breakout,4203,725,705,1430
AUDUSD,D1,EMACrossoverStrategy,trend,584,12,13,25
AUDUSD,D1,SupertrendStrategy,trend,584,0,0,0
AUDUSD,D1,MACDTrendStrategy,trend,584,25,25,50
AUDUSD,D1,ADXTrendStrategy,trend,584,10,11,21
AUDUSD,D1,IchimokuStrategy,trend,584,8,6,14
AUDUSD,D1,HullMATrendStrategy,trend,584,31,30,61
AUDUSD,D1,RSIExtremesStrategy,mr,584,19,16,35
AUDUSD,D1,BollingerBounceStrategy,mr,584,24,25,49
AUDUSD,D1,ZScoreMRStrategy,mr,584,15,16,31
AUDUSD,D1,StochasticReversalStrategy,mr,584,58,42,100
AUDUSD,D1,CCIReversalStrategy,mr,584,29,27,56
AUDUSD,D1,WilliamsRStrategy,mr,584,46,33,79
AUDUSD,D1,DonchianBreakoutStrategy,breakout,584,26,39,65
AUDUSD,D1,VolatilityBreakoutStrategy,breakout,584,5,8,13
AUDUSD,D1,MomentumBurstStrategy,breakout,584,138,140,278
AUDUSD,D1,SqueezeBreakoutStrategy,breakout,584,11,11,22
AUDUSD,D1,KeltnerBreakoutStrategy,breakout,584,19,30,49
AUDUSD,D1,PivotBreakoutStrategy,breakout,584,99,108,207
EURUSD,M30,EMACrossoverStrategy,trend,34558,770,771,1541
EURUSD,M30,SupertrendStrategy,trend,34558,70,70,140
EURUSD,M30,MACDTrendStrategy,trend,34558,1324,1324,2648
EURUSD,M30,ADXTrendStrategy,trend,34558,910,908,1818
EURUSD,M30,IchimokuStrategy,trend,34558,365,378,743
EURUSD,M30,HullMATrendStrategy,trend,34558,1921,1921,3842
EURUSD,M30,RSIExtremesStrategy,mr,34558,1109,1163,2272
EURUSD,M30,BollingerBounceStrategy,mr,34558,1670,1701,3371
EURUSD,M30,ZScoreMRStrategy,mr,34558,1060,1097,2157
EURUSD,M30,StochasticReversalStrategy,mr,34558,2805,2845,5650
EURUSD,M30,CCIReversalStrategy,mr,34558,1565,1655,3220
EURUSD,M30,WilliamsRStrategy,mr,34558,2408,2412,4820
EURUSD,M30,DonchianBreakoutStrategy,breakout,34558,2085,2069,4154
EURUSD,M30,VolatilityBreakoutStrategy,breakout,34558,773,742,1515
EURUSD,M30,MomentumBurstStrategy,breakout,34558,554,534,1088
EURUSD,M30,SqueezeBreakoutStrategy,breakout,34558,596,637,1233
EURUSD,M30,KeltnerBreakoutStrategy,breakout,34558,2658,2643,5301
EURUSD,M30,PivotBreakoutStrategy,breakout,34558,5894,5961,11855
EURUSD,H1,EMACrossoverStrategy,trend,17215,370,370,740
EURUSD,H1,SupertrendStrategy,trend,17215,44,44,88
EURUSD,H1,MACDTrendStrategy,trend,17215,680,679,1359
EURUSD,H1,ADXTrendStrategy,trend,17215,503,512,1015
EURUSD,H1,IchimokuStrategy,trend,17215,198,206,404
EURUSD,H1,HullMATrendStrategy,trend,17215,956,956,1912
EURUSD,H1,RSIExtremesStrategy,mr,17215,586,587,1173
EURUSD,H1,BollingerBounceStrategy,mr,17215,815,843,1658
EURUSD,H1,ZScoreMRStrategy,mr,17215,528,546,1074
EURUSD,H1,StochasticReversalStrategy,mr,17215,1388,1368,2756
EURUSD,H1,CCIReversalStrategy,mr,17215,783,805,1588
EURUSD,H1,WilliamsRStrategy,mr,17215,1150,1172,2322
EURUSD,H1,DonchianBreakoutStrategy,breakout,17215,975,1022,1997
EURUSD,H1,VolatilityBreakoutStrategy,breakout,17215,481,475,956
EURUSD,H1,MomentumBurstStrategy,breakout,17215,602,646,1248
EURUSD,H1,SqueezeBreakoutStrategy,breakout,17215,341,322,663
EURUSD,H1,KeltnerBreakoutStrategy,breakout,17215,1414,1452,2866
EURUSD,H1,PivotBreakoutStrategy,breakout,17215,2901,2859,5760
EURUSD,H4,EMACrossoverStrategy,trend,4203,102,103,205
EURUSD,H4,SupertrendStrategy,trend,4203,8,8,16
EURUSD,H4,MACDTrendStrategy,trend,4203,171,171,342
EURUSD,H4,ADXTrendStrategy,trend,4203,105,105,210
EURUSD,H4,IchimokuStrategy,trend,4203,43,50,93
EURUSD,H4,HullMATrendStrategy,trend,4203,229,229,458
EURUSD,H4,RSIExtremesStrategy,mr,4203,148,128,276
EURUSD,H4,BollingerBounceStrategy,mr,4203,150,160,310
EURUSD,H4,ZScoreMRStrategy,mr,4203,106,121,227
EURUSD,H4,StochasticReversalStrategy,mr,4203,348,294,642
EURUSD,H4,CCIReversalStrategy,mr,4203,196,185,381
EURUSD,H4,WilliamsRStrategy,mr,4203,275,242,517
EURUSD,H4,DonchianBreakoutStrategy,breakout,4203,238,246,484
EURUSD,H4,VolatilityBreakoutStrategy,breakout,4203,97,102,199
EURUSD,H4,MomentumBurstStrategy,breakout,4203,466,489,955
EURUSD,H4,SqueezeBreakoutStrategy,breakout,4203,94,82,176
EURUSD,H4,KeltnerBreakoutStrategy,breakout,4203,327,357,684
EURUSD,H4,PivotBreakoutStrategy,breakout,4203,710,708,1418
EURUSD,D1,EMACrossoverStrategy,trend,584,9,10,19
EURUSD,D1,SupertrendStrategy,trend,584,0,0,0
EURUSD,D1,MACDTrendStrategy,trend,584,24,24,48
EURUSD,D1,ADXTrendStrategy,trend,584,11,15,26
EURUSD,D1,IchimokuStrategy,trend,584,7,3,10
EURUSD,D1,HullMATrendStrategy,trend,584,28,28,56
EURUSD,D1,RSIExtremesStrategy,mr,584,25,22,47
EURUSD,D1,BollingerBounceStrategy,mr,584,22,27,49
EURUSD,D1,ZScoreMRStrategy,mr,584,16,20,36
EURUSD,D1,StochasticReversalStrategy,mr,584,55,51,106
EURUSD,D1,CCIReversalStrategy,mr,584,28,33,61
EURUSD,D1,WilliamsRStrategy,mr,584,45,44,89
EURUSD,D1,DonchianBreakoutStrategy,breakout,584,40,39,79
EURUSD,D1,VolatilityBreakoutStrategy,breakout,584,6,6,12
EURUSD,D1,MomentumBurstStrategy,breakout,584,138,137,275
EURUSD,D1,SqueezeBreakoutStrategy,breakout,584,13,17,30
EURUSD,D1,KeltnerBreakoutStrategy,breakout,584,35,29,64
EURUSD,D1,PivotBreakoutStrategy,breakout,584,106,101,207
GBPUSD,M30,EMACrossoverStrategy,trend,34556,774,775,1549
GBPUSD,M30,SupertrendStrategy,trend,34556,65,66,131
GBPUSD,M30,MACDTrendStrategy,trend,34556,1306,1306,2612
GBPUSD,M30,ADXTrendStrategy,trend,34556,907,878,1785
GBPUSD,M30,IchimokuStrategy,trend,34556,403,370,773
GBPUSD,M30,HullMATrendStrategy,trend,34556,1961,1961,3922
GBPUSD,M30,RSIExtremesStrategy,mr,34556,1064,1174,2238
GBPUSD,M30,BollingerBounceStrategy,mr,34556,1694,1602,3296
GBPUSD,M30,ZScoreMRStrategy,mr,34556,1071,1094,2165
GBPUSD,M30,StochasticReversalStrategy,mr,34556,2764,2890,5654
GBPUSD,M30,CCIReversalStrategy,mr,34556,1641,1677,3318
GBPUSD,M30,WilliamsRStrategy,mr,34556,2376,2489,4865
GBPUSD,M30,DonchianBreakoutStrategy,breakout,34556,2106,2048,4154
GBPUSD,M30,VolatilityBreakoutStrategy,breakout,34556,721,707,1428
GBPUSD,M30,MomentumBurstStrategy,breakout,34556,658,745,1403
GBPUSD,M30,SqueezeBreakoutStrategy,breakout,34556,653,629,1282
GBPUSD,M30,KeltnerBreakoutStrategy,breakout,34556,2429,2522,4951
GBPUSD,M30,PivotBreakoutStrategy,breakout,34556,5844,5946,11790
GBPUSD,H1,EMACrossoverStrategy,trend,17215,397,396,793
GBPUSD,H1,SupertrendStrategy,trend,17215,49,49,98
GBPUSD,H1,MACDTrendStrategy,trend,17215,673,672,1345
GBPUSD,H1,ADXTrendStrategy,trend,17215,504,485,989
GBPUSD,H1,IchimokuStrategy,trend,17215,194,194,388
GBPUSD,H1,HullMATrendStrategy,trend,17215,958,958,1916
GBPUSD,H1,RSIExtremesStrategy,mr,17215,604,608,1212
GBPUSD,H1,BollingerBounceStrategy,mr,17215,843,850,1693
GBPUSD,H1,ZScoreMRStrategy,mr,17215,538,549,1087
GBPUSD,H1,StochasticReversalStrategy,mr,17215,1382,1416,2798
GBPUSD,H1,CCIReversalStrategy,mr,17215,791,835,1626
GBPUSD,H1,WilliamsRStrategy,mr,17215,1150,1183,2333
GBPUSD,H1,DonchianBreakoutStrategy,breakout,17215,985,982,1967
GBPUSD,H1,VolatilityBreakoutStrategy,breakout,17215,458,470,928
GBPUSD,H1,MomentumBurstStrategy,breakout,17215,730,782,1512
GBPUSD,H1,SqueezeBreakoutStrategy,breakout,17215,343,333,676
GBPUSD,H1,KeltnerBreakoutStrategy,breakout,17215,1310,1336,2646
GBPUSD,H1,PivotBreakoutStrategy,breakout,17215,2872,2866,5738
GBPUSD,H4,EMACrossoverStrategy,trend,4203,86,85,171
GBPUSD,H4,SupertrendStrategy,trend,4203,10,10,20
GBPUSD,H4,MACDTrendStrategy,trend,4203,164,163,327
GBPUSD,H4,ADXTrendStrategy,trend,4203,100,94,194
GBPUSD,H4,IchimokuStrategy,trend,4203,38,52,90
GBPUSD,H4,HullMATrendStrategy,trend,4203,248,248,496
GBPUSD,H4,RSIExtremesStrategy,mr,4203,138,127,265
GBPUSD,H4,BollingerBounceStrategy,mr,4203,175,147,322
GBPUSD,H4,ZScoreMRStrategy,mr,4203,122,116,238
GBPUSD,H4,StochasticReversalStrategy,mr,4203,328,327,655
GBPUSD,H4,CCIReversalStrategy,mr,4203,208,194,402
GBPUSD,H4,WilliamsRStrategy,mr,4203,264,262,526
GBPUSD,H4,DonchianBreakoutStrategy,breakout,4203,252,237,489
GBPUSD,H4,VolatilityBreakoutStrategy,breakout,4203,81,99,180
GBPUSD,H4,MomentumBurstStrategy,breakout,4203,521,540,1061
GBPUSD,H4,SqueezeBreakoutStrategy,breakout,4203,78,77,155
GBPUSD,H4,KeltnerBreakoutStrategy,breakout,4203,331,279,610
GBPUSD,H4,PivotBreakoutStrategy,breakout,4203,692,672,1364
GBPUSD,D1,EMACrossoverStrategy,trend,584,9,10,19
GBPUSD,D1,SupertrendStrategy,trend,584,0,0,0
GBPUSD,D1,MACDTrendStrategy,trend,584,19,20,39
GBPUSD,D1,ADXTrendStrategy,trend,584,16,18,34
GBPUSD,D1,IchimokuStrategy,trend,584,5,2,7
GBPUSD,D1,HullMATrendStrategy,trend,584,30,30,60
GBPUSD,D1,RSIExtremesStrategy,mr,584,18,21,39
GBPUSD,D1,BollingerBounceStrategy,mr,584,20,18,38
GBPUSD,D1,ZScoreMRStrategy,mr,584,13,20,33
GBPUSD,D1,StochasticReversalStrategy,mr,584,49,56,105
GBPUSD,D1,CCIReversalStrategy,mr,584,33,31,64
GBPUSD,D1,WilliamsRStrategy,mr,584,40,45,85
GBPUSD,D1,DonchianBreakoutStrategy,breakout,584,46,41,87
GBPUSD,D1,VolatilityBreakoutStrategy,breakout,584,5,7,12
GBPUSD,D1,MomentumBurstStrategy,breakout,584,134,120,254
GBPUSD,D1,SqueezeBreakoutStrategy,breakout,584,15,8,23
GBPUSD,D1,KeltnerBreakoutStrategy,breakout,584,37,18,55
GBPUSD,D1,PivotBreakoutStrategy,breakout,584,101,92,193
NZDUSD,M30,EMACrossoverStrategy,trend,34524,772,772,1544
NZDUSD,M30,SupertrendStrategy,trend,34524,67,67,134
NZDUSD,M30,MACDTrendStrategy,trend,34524,1370,1370,2740
NZDUSD,M30,ADXTrendStrategy,trend,34524,836,839,1675
NZDUSD,M30,IchimokuStrategy,trend,34524,368,359,727
NZDUSD,M30,HullMATrendStrategy,trend,34524,1960,1961,3921
NZDUSD,M30,RSIExtremesStrategy,mr,34524,1114,1096,2210
NZDUSD,M30,BollingerBounceStrategy,mr,34524,1492,1455,2947
NZDUSD,M30,ZScoreMRStrategy,mr,34524,963,1018,1981
NZDUSD,M30,StochasticReversalStrategy,mr,34524,2846,2863,5709
NZDUSD,M30,CCIReversalStrategy,mr,34524,1690,1647,3337
NZDUSD,M30,WilliamsRStrategy,mr,34524,2378,2393,4771
NZDUSD,M30,DonchianBreakoutStrategy,breakout,34524,2097,1992,4089
NZDUSD,M30,VolatilityBreakoutStrategy,breakout,34524,604,588,1192
NZDUSD,M30,MomentumBurstStrategy,breakout,34524,1087,1141,2228
NZDUSD,M30,SqueezeBreakoutStrategy,breakout,34524,668,653,1321
NZDUSD,M30,KeltnerBreakoutStrategy,breakout,34524,2413,2462,4875
NZDUSD,M30,PivotBreakoutStrategy,breakout,34524,5821,5966,11787
NZDUSD,H1,EMACrossoverStrategy,trend,17202,384,383,767
NZDUSD,H1,SupertrendStrategy,trend,17202,25,25,50
NZDUSD,H1,MACDTrendStrategy,trend,17202,681,680,1361
NZDUSD,H1,ADXTrendStrategy,trend,17202,429,421,850
NZDUSD,H1,IchimokuStrategy,trend,17202,193,178,371
NZDUSD,H1,HullMATrendStrategy,trend,17202,940,940,1880
NZDUSD,H1,RSIExtremesStrategy,mr,17202,554,544,1098
NZDUSD,H1,BollingerBounceStrategy,mr,17202,695,651,1346
NZDUSD,H1,ZScoreMRStrategy,mr,17202,485,490,975
NZDUSD,H1,StochasticReversalStrategy,mr,17202,1442,1378,2820
NZDUSD,H1,CCIReversalStrategy,mr,17202,857,819,1676
NZDUSD,H1,WilliamsRStrategy,mr,17202,1142,1157,2299
NZDUSD,H1,DonchianBreakoutStrategy,breakout,17202,998,1053,2051
NZDUSD,H1,VolatilityBreakoutStrategy,breakout,17202,294,296,590
NZDUSD,H1,MomentumBurstStrategy,breakout,17202,1174,1211,2385
NZDUSD,H1,SqueezeBreakoutStrategy,breakout,17202,319,308,627
NZDUSD,H1,KeltnerBreakoutStrategy,breakout,17202,1136,1348,2484
NZDUSD,H1,PivotBreakoutStrategy,breakout,17202,2862,2977,5839
NZDUSD,H4,EMACrossoverStrategy,trend,4203,87,87,174
NZDUSD,H4,SupertrendStrategy,trend,4203,4,5,9
NZDUSD,H4,MACDTrendStrategy,trend,4203,178,177,355
NZDUSD,H4,ADXTrendStrategy,trend,4203,98,88,186
NZDUSD,H4,IchimokuStrategy,trend,4203,40,49,89
NZDUSD,H4,HullMATrendStrategy,trend,4203,229,230,459
NZDUSD,H4,RSIExtremesStrategy,mr,4203,137,141,278
NZDUSD,H4,BollingerBounceStrategy,mr,4203,147,160,307
NZDUSD,H4,ZScoreMRStrategy,mr,4203,111,107,218
NZDUSD,H4,StochasticReversalStrategy,mr,4203,350,346,696
NZDUSD,H4,CCIReversalStrategy,mr,4203,202,209,411
NZDUSD,H4,WilliamsRStrategy,mr,4203,280,301,581
NZDUSD,H4,DonchianBreakoutStrategy,breakout,4203,240,308,548
NZDUSD,H4,VolatilityBreakoutStrategy,breakout,4203,56,67,123
NZDUSD,H4,MomentumBurstStrategy,breakout,4203,684,700,1384
NZDUSD,H4,SqueezeBreakoutStrategy,breakout,4203,85,82,167
NZDUSD,H4,KeltnerBreakoutStrategy,breakout,4203,221,338,559
NZDUSD,H4,PivotBreakoutStrategy,breakout,4203,705,711,1416
NZDUSD,D1,EMACrossoverStrategy,trend,584,14,14,28
NZDUSD,D1,SupertrendStrategy,trend,584,0,0,0
NZDUSD,D1,MACDTrendStrategy,trend,584,22,21,43
NZDUSD,D1,ADXTrendStrategy,trend,584,10,11,21
NZDUSD,D1,IchimokuStrategy,trend,584,3,4,7
NZDUSD,D1,HullMATrendStrategy,trend,584,32,31,63
NZDUSD,D1,RSIExtremesStrategy,mr,584,24,26,50
NZDUSD,D1,BollingerBounceStrategy,mr,584,19,18,37
NZDUSD,D1,ZScoreMRStrategy,mr,584,12,16,28
NZDUSD,D1,StochasticReversalStrategy,mr,584,61,46,107
NZDUSD,D1,CCIReversalStrategy,mr,584,27,28,55
NZDUSD,D1,WilliamsRStrategy,mr,584,45,38,83
NZDUSD,D1,DonchianBreakoutStrategy,breakout,584,35,51,86
NZDUSD,D1,VolatilityBreakoutStrategy,breakout,584,4,8,12
NZDUSD,D1,MomentumBurstStrategy,breakout,584,131,149,280
NZDUSD,D1,SqueezeBreakoutStrategy,breakout,584,9,14,23
NZDUSD,D1,KeltnerBreakoutStrategy,breakout,584,28,38,66
NZDUSD,D1,PivotBreakoutStrategy,breakout,584,102,102,204
USDBRL,M30,EMACrossoverStrategy,trend,9739,206,205,411
USDBRL,M30,SupertrendStrategy,trend,9739,44,44,88
USDBRL,M30,MACDTrendStrategy,trend,9739,367,366,733
USDBRL,M30,ADXTrendStrategy,trend,9739,245,246,491
USDBRL,M30,IchimokuStrategy,trend,9739,103,84,187
USDBRL,M30,HullMATrendStrategy,trend,9739,537,536,1073
USDBRL,M30,RSIExtremesStrategy,mr,9739,326,298,624
USDBRL,M30,BollingerBounceStrategy,mr,9739,369,367,736
USDBRL,M30,ZScoreMRStrategy,mr,9739,245,257,502
USDBRL,M30,StochasticReversalStrategy,mr,9739,800,768,1568
USDBRL,M30,CCIReversalStrategy,mr,9739,459,438,897
USDBRL,M30,WilliamsRStrategy,mr,9739,623,603,1226
USDBRL,M30,DonchianBreakoutStrategy,breakout,9739,600,565,1165
USDBRL,M30,VolatilityBreakoutStrategy,breakout,9739,285,245,530
USDBRL,M30,MomentumBurstStrategy,breakout,9739,1283,1279,2562
USDBRL,M30,SqueezeBreakoutStrategy,breakout,9739,167,159,326
USDBRL,M30,KeltnerBreakoutStrategy,breakout,9739,1050,1040,2090
USDBRL,M30,PivotBreakoutStrategy,breakout,9739,1653,1625,3278
USDBRL,H1,EMACrossoverStrategy,trend,5102,99,99,198
USDBRL,H1,SupertrendStrategy,trend,5102,10,11,21
USDBRL,H1,MACDTrendStrategy,trend,5102,198,198,396
USDBRL,H1,ADXTrendStrategy,trend,5102,134,121,255
USDBRL,H1,IchimokuStrategy,trend,5102,50,43,93
USDBRL,H1,HullMATrendStrategy,trend,5102,276,276,552
USDBRL,H1,RSIExtremesStrategy,mr,5102,170,166,336
USDBRL,H1,BollingerBounceStrategy,mr,5102,200,184,384
USDBRL,H1,ZScoreMRStrategy,mr,5102,143,141,284
USDBRL,H1,StochasticReversalStrategy,mr,5102,429,429,858
USDBRL,H1,CCIReversalStrategy,mr,5102,242,238,480
USDBRL,H1,WilliamsRStrategy,mr,5102,310,338,648
USDBRL,H1,DonchianBreakoutStrategy,breakout,5102,334,321,655
USDBRL,H1,VolatilityBreakoutStrategy,breakout,5102,159,138,297
USDBRL,H1,MomentumBurstStrategy,breakout,5102,883,874,1757
USDBRL,H1,SqueezeBreakoutStrategy,breakout,5102,78,89,167
USDBRL,H1,KeltnerBreakoutStrategy,breakout,5102,546,537,1083
USDBRL,H1,PivotBreakoutStrategy,breakout,5102,869,897,1766
USDBRL,H4,EMACrossoverStrategy,trend,1899,46,47,93
USDBRL,H4,SupertrendStrategy,trend,1899,2,1,3
USDBRL,H4,MACDTrendStrategy,trend,1899,80,81,161
USDBRL,H4,ADXTrendStrategy,trend,1899,40,45,85
USDBRL,H4,IchimokuStrategy,trend,1899,26,17,43
USDBRL,H4,HullMATrendStrategy,trend,1899,105,105,210
USDBRL,H4,RSIExtremesStrategy,mr,1899,58,72,130
USDBRL,H4,BollingerBounceStrategy,mr,1899,48,79,127
USDBRL,H4,ZScoreMRStrategy,mr,1899,38,62,100
USDBRL,H4,StochasticReversalStrategy,mr,1899,164,186,350
USDBRL,H4,CCIReversalStrategy,mr,1899,90,104,194
USDBRL,H4,WilliamsRStrategy,mr,1899,125,154,279
USDBRL,H4,DonchianBreakoutStrategy,breakout,1899,151,108,259
USDBRL,H4,VolatilityBreakoutStrategy,breakout,1899,49,39,88
USDBRL,H4,MomentumBurstStrategy,breakout,1899,439,368,807
USDBRL,H4,SqueezeBreakoutStrategy,breakout,1899,40,33,73
USDBRL,H4,KeltnerBreakoutStrategy,breakout,1899,184,161,345
USDBRL,H4,PivotBreakoutStrategy,breakout,1899,388,374,762
USDBRL,D1,EMACrossoverStrategy,trend,543,17,16,33
USDBRL,D1,SupertrendStrategy,trend,543,0,0,0
USDBRL,D1,MACDTrendStrategy,trend,543,24,24,48
USDBRL,D1,ADXTrendStrategy,trend,543,11,12,23
USDBRL,D1,IchimokuStrategy,trend,543,9,6,15
USDBRL,D1,HullMATrendStrategy,trend,543,31,31,62
USDBRL,D1,RSIExtremesStrategy,mr,543,13,15,28
USDBRL,D1,BollingerBounceStrategy,mr,543,15,32,47
USDBRL,D1,ZScoreMRStrategy,mr,543,8,22,30
USDBRL,D1,StochasticReversalStrategy,mr,543,42,56,98
USDBRL,D1,CCIReversalStrategy,mr,543,25,36,61
USDBRL,D1,WilliamsRStrategy,mr,543,39,45,84
USDBRL,D1,DonchianBreakoutStrategy,breakout,543,39,20,59
USDBRL,D1,VolatilityBreakoutStrategy,breakout,543,15,5,20
USDBRL,D1,MomentumBurstStrategy,breakout,543,156,113,269
USDBRL,D1,SqueezeBreakoutStrategy,breakout,543,10,6,16
USDBRL,D1,KeltnerBreakoutStrategy,breakout,543,48,14,62
USDBRL,D1,PivotBreakoutStrategy,breakout,543,107,104,211
USDCAD,M30,EMACrossoverStrategy,trend,34555,775,775,1550
USDCAD,M30,SupertrendStrategy,trend,34555,52,53,105
USDCAD,M30,MACDTrendStrategy,trend,34555,1366,1365,2731
USDCAD,M30,ADXTrendStrategy,trend,34555,857,854,1711
USDCAD,M30,IchimokuStrategy,trend,34555,396,362,758
USDCAD,M30,HullMATrendStrategy,trend,34555,1953,1952,3905
USDCAD,M30,RSIExtremesStrategy,mr,34555,1139,1055,2194
USDCAD,M30,BollingerBounceStrategy,mr,34555,1585,1652,3237
USDCAD,M30,ZScoreMRStrategy,mr,34555,1036,1066,2102
USDCAD,M30,StochasticReversalStrategy,mr,34555,2981,2739,5720
USDCAD,M30,CCIReversalStrategy,mr,34555,1679,1634,3313
USDCAD,M30,WilliamsRStrategy,mr,34555,2493,2358,4851
USDCAD,M30,DonchianBreakoutStrategy,breakout,34555,2196,2163,4359
USDCAD,M30,VolatilityBreakoutStrategy,breakout,34555,694,672,1366
USDCAD,M30,MomentumBurstStrategy,breakout,34555,351,255,606
USDCAD,M30,SqueezeBreakoutStrategy,breakout,34555,629,649,1278
USDCAD,M30,KeltnerBreakoutStrategy,breakout,34555,2520,2566,5086
USDCAD,M30,PivotBreakoutStrategy,breakout,34555,5912,5942,11854
USDCAD,H1,EMACrossoverStrategy,trend,17215,388,388,776
USDCAD,H1,SupertrendStrategy,trend,17215,36,36,72
USDCAD,H1,MACDTrendStrategy,trend,17215,689,690,1379
USDCAD,H1,ADXTrendStrategy,trend,17215,446,453,899
USDCAD,H1,IchimokuStrategy,trend,17215,214,189,403
USDCAD,H1,HullMATrendStrategy,trend,17215,978,978,1956
USDCAD,H1,RSIExtremesStrategy,mr,17215,570,547,1117
USDCAD,H1,BollingerBounceStrategy,mr,17215,758,868,1626
USDCAD,H1,ZScoreMRStrategy,mr,17215,503,552,1055
USDCAD,H1,StochasticReversalStrategy,mr,17215,1438,1429,2867
USDCAD,H1,CCIReversalStrategy,mr,17215,831,815,1646
USDCAD,H1,WilliamsRStrategy,mr,17215,1193,1179,2372
USDCAD,H1,DonchianBreakoutStrategy,breakout,17215,1054,1046,2100
USDCAD,H1,VolatilityBreakoutStrategy,breakout,17215,409,389,798
USDCAD,H1,MomentumBurstStrategy,breakout,17215,427,381,808
USDCAD,H1,SqueezeBreakoutStrategy,breakout,17215,349,327,676
USDCAD,H1,KeltnerBreakoutStrategy,breakout,17215,1417,1347,2764
USDCAD,H1,PivotBreakoutStrategy,breakout,17215,2890,2887,5777
USDCAD,H4,EMACrossoverStrategy,trend,4203,99,98,197
USDCAD,H4,SupertrendStrategy,trend,4203,8,7,15
USDCAD,H4,MACDTrendStrategy,trend,4203,181,181,362
USDCAD,H4,ADXTrendStrategy,trend,4203,94,109,203
USDCAD,H4,IchimokuStrategy,trend,4203,54,41,95
USDCAD,H4,HullMATrendStrategy,trend,4203,237,238,475
USDCAD,H4,RSIExtremesStrategy,mr,4203,125,140,265
USDCAD,H4,BollingerBounceStrategy,mr,4203,146,149,295
USDCAD,H4,ZScoreMRStrategy,mr,4203,110,120,230
USDCAD,H4,StochasticReversalStrategy,mr,4203,356,359,715
USDCAD,H4,CCIReversalStrategy,mr,4203,189,214,403
USDCAD,H4,WilliamsRStrategy,mr,4203,287,292,579
USDCAD,H4,DonchianBreakoutStrategy,breakout,4203,283,250,533
USDCAD,H4,VolatilityBreakoutStrategy,breakout,4203,82,66,148
USDCAD,H4,MomentumBurstStrategy,breakout,4203,407,404,811
USDCAD,H4,SqueezeBreakoutStrategy,breakout,4203,79,91,170
USDCAD,H4,KeltnerBreakoutStrategy,breakout,4203,362,283,645
USDCAD,H4,PivotBreakoutStrategy,breakout,4203,685,696,1381
USDCAD,D1,EMACrossoverStrategy,trend,584,14,13,27
USDCAD,D1,SupertrendStrategy,trend,584,0,0,0
USDCAD,D1,MACDTrendStrategy,trend,584,28,28,56
USDCAD,D1,ADXTrendStrategy,trend,584,13,14,27
USDCAD,D1,IchimokuStrategy,trend,584,5,7,12
USDCAD,D1,HullMATrendStrategy,trend,584,32,33,65
USDCAD,D1,RSIExtremesStrategy,mr,584,14,15,29
USDCAD,D1,BollingerBounceStrategy,mr,584,20,25,45
USDCAD,D1,ZScoreMRStrategy,mr,584,17,19,36
USDCAD,D1,StochasticReversalStrategy,mr,584,42,53,95
USDCAD,D1,CCIReversalStrategy,mr,584,24,32,56
USDCAD,D1,WilliamsRStrategy,mr,584,30,48,78
USDCAD,D1,DonchianBreakoutStrategy,breakout,584,43,37,80
USDCAD,D1,VolatilityBreakoutStrategy,breakout,584,7,8,15
USDCAD,D1,MomentumBurstStrategy,breakout,584,123,109,232
USDCAD,D1,SqueezeBreakoutStrategy,breakout,584,10,8,18
USDCAD,D1,KeltnerBreakoutStrategy,breakout,584,51,30,81
USDCAD,D1,PivotBreakoutStrategy,breakout,584,108,94,202
USDCHF,M30,EMACrossoverStrategy,trend,34556,779,778,1557
USDCHF,M30,SupertrendStrategy,trend,34556,68,68,136
USDCHF,M30,MACDTrendStrategy,trend,34556,1384,1384,2768
USDCHF,M30,ADXTrendStrategy,trend,34556,857,840,1697
USDCHF,M30,IchimokuStrategy,trend,34556,438,363,801
USDCHF,M30,HullMATrendStrategy,trend,34556,2011,2010,4021
USDCHF,M30,RSIExtremesStrategy,mr,34556,1031,1106,2137
USDCHF,M30,BollingerBounceStrategy,mr,34556,1639,1543,3182
USDCHF,M30,ZScoreMRStrategy,mr,34556,1016,1006,2022
USDCHF,M30,StochasticReversalStrategy,mr,34556,2582,2953,5535
USDCHF,M30,CCIReversalStrategy,mr,34556,1706,1698,3404
USDCHF,M30,WilliamsRStrategy,mr,34556,2273,2495,4768
USDCHF,M30,DonchianBreakoutStrategy,breakout,34556,2021,1868,3889
USDCHF,M30,VolatilityBreakoutStrategy,breakout,34556,753,815,1568
USDCHF,M30,MomentumBurstStrategy,breakout,34556,497,581,1078
USDCHF,M30,SqueezeBreakoutStrategy,breakout,34556,696,623,1319
USDCHF,M30,KeltnerBreakoutStrategy,breakout,34556,2130,2478,4608
USDCHF,M30,PivotBreakoutStrategy,breakout,34556,5969,5892,11861
USDCHF,H1,EMACrossoverStrategy,trend,17215,384,384,768
USDCHF,H1,SupertrendStrategy,trend,17215,40,40,80
USDCHF,H1,MACDTrendStrategy,trend,17215,709,710,1419
USDCHF,H1,ADXTrendStrategy,trend,17215,445,442,887
USDCHF,H1,IchimokuStrategy,trend,17215,220,192,412
USDCHF,H1,HullMATrendStrategy,trend,17215,970,971,1941
USDCHF,H1,RSIExtremesStrategy,mr,17215,575,604,1179
USDCHF,H1,BollingerBounceStrategy,mr,17215,824,834,1658
USDCHF,H1,ZScoreMRStrategy,mr,17215,505,521,1026
USDCHF,H1,StochasticReversalStrategy,mr,17215,1285,1494,2779
USDCHF,H1,CCIReversalStrategy,mr,17215,841,862,1703
USDCHF,H1,WilliamsRStrategy,mr,17215,1112,1292,2404
USDCHF,H1,DonchianBreakoutStrategy,breakout,17215,944,894,1838
USDCHF,H1,VolatilityBreakoutStrategy,breakout,17215,440,467,907
USDCHF,H1,MomentumBurstStrategy,breakout,17215,599,659,1258
USDCHF,H1,SqueezeBreakoutStrategy,breakout,17215,359,339,698
USDCHF,H1,KeltnerBreakoutStrategy,breakout,17215,1135,1289,2424
USDCHF,H1,PivotBreakoutStrategy,breakout,17215,2940,2984,5924
USDCHF,H4,EMACrossoverStrategy,trend,4203,90,90,180
USDCHF,H4,SupertrendStrategy,trend,4203,7,6,13
USDCHF,H4,MACDTrendStrategy,trend,4203,171,172,343
USDCHF,H4,ADXTrendStrategy,trend,4203,108,110,218
USDCHF,H4,IchimokuStrategy,trend,4203,47,40,87
USDCHF,H4,HullMATrendStrategy,trend,4203,234,233,467
USDCHF,H4,RSIExtremesStrategy,mr,4203,133,164,297
USDCHF,H4,BollingerBounceStrategy,mr,4203,190,169,359
USDCHF,H4,ZScoreMRStrategy,mr,4203,119,113,232
USDCHF,H4,StochasticReversalStrategy,mr,4203,308,373,681
USDCHF,H4,CCIReversalStrategy,mr,4203,181,223,404
USDCHF,H4,WilliamsRStrategy,mr,4203,247,311,558
USDCHF,H4,DonchianBreakoutStrategy,breakout,4203,252,235,487
USDCHF,H4,VolatilityBreakoutStrategy,breakout,4203,64,80,144
USDCHF,H4,MomentumBurstStrategy,breakout,4203,548,515,1063
USDCHF,H4,SqueezeBreakoutStrategy,breakout,4203,87,82,169
USDCHF,H4,KeltnerBreakoutStrategy,breakout,4203,249,324,573
USDCHF,H4,PivotBreakoutStrategy,breakout,4203,693,662,1355
USDCHF,D1,EMACrossoverStrategy,trend,584,11,11,22
USDCHF,D1,SupertrendStrategy,trend,584,1,0,1
USDCHF,D1,MACDTrendStrategy,trend,584,24,24,48
USDCHF,D1,ADXTrendStrategy,trend,584,17,14,31
USDCHF,D1,IchimokuStrategy,trend,584,2,5,7
USDCHF,D1,HullMATrendStrategy,trend,584,33,33,66
USDCHF,D1,RSIExtremesStrategy,mr,584,22,25,47
USDCHF,D1,BollingerBounceStrategy,mr,584,34,21,55
USDCHF,D1,ZScoreMRStrategy,mr,584,16,15,31
USDCHF,D1,StochasticReversalStrategy,mr,584,45,57,102
USDCHF,D1,CCIReversalStrategy,mr,584,30,29,59
USDCHF,D1,WilliamsRStrategy,mr,584,40,51,91
USDCHF,D1,DonchianBreakoutStrategy,breakout,584,35,35,70
USDCHF,D1,VolatilityBreakoutStrategy,breakout,584,9,10,19
USDCHF,D1,MomentumBurstStrategy,breakout,584,129,130,259
USDCHF,D1,SqueezeBreakoutStrategy,breakout,584,10,15,25
USDCHF,D1,KeltnerBreakoutStrategy,breakout,584,28,48,76
USDCHF,D1,PivotBreakoutStrategy,breakout,584,99,92,191
USDJPY,M30,EMACrossoverStrategy,trend,34559,720,720,1440
USDJPY,M30,SupertrendStrategy,trend,34559,72,72,144
USDJPY,M30,MACDTrendStrategy,trend,34559,1310,1311,2621
USDJPY,M30,ADXTrendStrategy,trend,34559,899,892,1791
USDJPY,M30,IchimokuStrategy,trend,34559,422,282,704
USDJPY,M30,HullMATrendStrategy,trend,34559,1901,1903,3804
USDJPY,M30,RSIExtremesStrategy,mr,34559,966,1246,2212
USDJPY,M30,BollingerBounceStrategy,mr,34559,1580,1421,3001
USDJPY,M30,ZScoreMRStrategy,mr,34559,953,1090,2043
USDJPY,M30,StochasticReversalStrategy,mr,34559,2216,3174,5390
USDJPY,M30,CCIReversalStrategy,mr,34559,1473,1688,3161
USDJPY,M30,WilliamsRStrategy,mr,34559,2028,2537,4565
USDJPY,M30,DonchianBreakoutStrategy,breakout,34559,2319,1483,3802
USDJPY,M30,VolatilityBreakoutStrategy,breakout,34559,682,717,1399
USDJPY,M30,MomentumBurstStrategy,breakout,34559,887,918,1805
USDJPY,M30,SqueezeBreakoutStrategy,breakout,34559,730,591,1321
USDJPY,M30,KeltnerBreakoutStrategy,breakout,34559,3205,2019,5224
USDJPY,M30,PivotBreakoutStrategy,breakout,34559,5914,5600,11514
USDJPY,H1,EMACrossoverStrategy,trend,17215,342,342,684
USDJPY,H1,SupertrendStrategy,trend,17215,39,39,78
USDJPY,H1,MACDTrendStrategy,trend,17215,647,648,1295
USDJPY,H1,ADXTrendStrategy,trend,17215,430,428,858
USDJPY,H1,IchimokuStrategy,trend,17215,211,131,342
USDJPY,H1,HullMATrendStrategy,trend,17215,944,944,1888
USDJPY,H1,RSIExtremesStrategy,mr,17215,495,632,1127
USDJPY,H1,BollingerBounceStrategy,mr,17215,732,684,1416
USDJPY,H1,ZScoreMRStrategy,mr,17215,440,528,968
USDJPY,H1,StochasticReversalStrategy,mr,17215,990,1662,2652
USDJPY,H1,CCIReversalStrategy,mr,17215,690,874,1564
USDJPY,H1,WilliamsRStrategy,mr,17215,902,1263,2165
USDJPY,H1,DonchianBreakoutStrategy,breakout,17215,1247,719,1966
USDJPY,H1,VolatilityBreakoutStrategy,breakout,17215,337,340,677
USDJPY,H1,MomentumBurstStrategy,breakout,17215,970,926,1896
USDJPY,H1,SqueezeBreakoutStrategy,breakout,17215,371,291,662
USDJPY,H1,KeltnerBreakoutStrategy,breakout,17215,1839,1046,2885
USDJPY,H1,PivotBreakoutStrategy,breakout,17215,2949,2661,5610
USDJPY,H4,EMACrossoverStrategy,trend,4203,88,88,176
USDJPY,H4,SupertrendStrategy,trend,4203,6,5,11
USDJPY,H4,MACDTrendStrategy,trend,4203,156,156,312
USDJPY,H4,ADXTrendStrategy,trend,4203,103,107,210
USDJPY,H4,IchimokuStrategy,trend,4203,61,29,90
USDJPY,H4,HullMATrendStrategy,trend,4203,216,215,431
USDJPY,H4,RSIExtremesStrategy,mr,4203,105,175,280
USDJPY,H4,BollingerBounceStrategy,mr,4203,168,151,319
USDJPY,H4,ZScoreMRStrategy,mr,4203,91,128,219
USDJPY,H4,StochasticReversalStrategy,mr,4203,211,448,659
USDJPY,H4,CCIReversalStrategy,mr,4203,147,224,371
USDJPY,H4,WilliamsRStrategy,mr,4203,188,313,501
USDJPY,H4,DonchianBreakoutStrategy,breakout,4203,392,163,555
USDJPY,H4,VolatilityBreakoutStrategy,breakout,4203,74,85,159
USDJPY,H4,MomentumBurstStrategy,breakout,4203,721,505,1226
USDJPY,H4,SqueezeBreakoutStrategy,breakout,4203,78,60,138
USDJPY,H4,KeltnerBreakoutStrategy,breakout,4203,525,246,771
USDJPY,H4,PivotBreakoutStrategy,breakout,4203,742,643,1385
USDJPY,D1,EMACrossoverStrategy,trend,584,8,7,15
USDJPY,D1,SupertrendStrategy,trend,584,0,1,1
USDJPY,D1,MACDTrendStrategy,trend,584,22,21,43
USDJPY,D1,ADXTrendStrategy,trend,584,9,13,22
USDJPY,D1,IchimokuStrategy,trend,584,4,0,4
USDJPY,D1,HullMATrendStrategy,trend,584,27,28,55
USDJPY,D1,RSIExtremesStrategy,mr,584,19,27,46
USDJPY,D1,BollingerBounceStrategy,mr,584,22,24,46
USDJPY,D1,ZScoreMRStrategy,mr,584,14,19,33
USDJPY,D1,StochasticReversalStrategy,mr,584,36,74,110
USDJPY,D1,CCIReversalStrategy,mr,584,21,38,59
USDJPY,D1,WilliamsRStrategy,mr,584,32,43,75
USDJPY,D1,DonchianBreakoutStrategy,breakout,584,71,23,94
USDJPY,D1,VolatilityBreakoutStrategy,breakout,584,8,11,19
USDJPY,D1,MomentumBurstStrategy,breakout,584,169,113,282
USDJPY,D1,SqueezeBreakoutStrategy,breakout,584,12,10,22
USDJPY,D1,KeltnerBreakoutStrategy,breakout,584,93,27,120
USDJPY,D1,PivotBreakoutStrategy,breakout,584,114,82,196
USDMXN,M30,EMACrossoverStrategy,trend,33121,681,680,1361
USDMXN,M30,SupertrendStrategy,trend,33121,72,72,144
USDMXN,M30,MACDTrendStrategy,trend,33121,1266,1265,2531
USDMXN,M30,ADXTrendStrategy,trend,33121,909,883,1792
USDMXN,M30,IchimokuStrategy,trend,33121,346,464,810
USDMXN,M30,HullMATrendStrategy,trend,33121,1905,1906,3811
USDMXN,M30,RSIExtremesStrategy,mr,33121,1234,946,2180
USDMXN,M30,BollingerBounceStrategy,mr,33121,1668,1534,3202
USDMXN,M30,ZScoreMRStrategy,mr,33121,1120,1039,2159
USDMXN,M30,StochasticReversalStrategy,mr,33121,3113,2301,5414
USDMXN,M30,CCIReversalStrategy,mr,33121,1688,1455,3143
USDMXN,M30,WilliamsRStrategy,mr,33121,2613,2133,4746
USDMXN,M30,DonchianBreakoutStrategy,breakout,33121,1761,2222,3983
USDMXN,M30,VolatilityBreakoutStrategy,breakout,33121,959,839,1798
USDMXN,M30,MomentumBurstStrategy,breakout,33121,1286,1048,2334
USDMXN,M30,SqueezeBreakoutStrategy,breakout,33121,541,661,1202
USDMXN,M30,KeltnerBreakoutStrategy,breakout,33121,2124,2763,4887
USDMXN,M30,PivotBreakoutStrategy,breakout,33121,5444,5909,11353
USDMXN,H1,EMACrossoverStrategy,trend,16509,316,316,632
USDMXN,H1,SupertrendStrategy,trend,16509,52,52,104
USDMXN,H1,MACDTrendStrategy,trend,16509,664,665,1329
USDMXN,H1,ADXTrendStrategy,trend,16509,465,464,929
USDMXN,H1,IchimokuStrategy,trend,16509,179,236,415
USDMXN,H1,HullMATrendStrategy,trend,16509,935,935,1870
USDMXN,H1,RSIExtremesStrategy,mr,16509,667,522,1189
USDMXN,H1,BollingerBounceStrategy,mr,16509,847,778,1625
USDMXN,H1,ZScoreMRStrategy,mr,16509,576,490,1066
USDMXN,H1,StochasticReversalStrategy,mr,16509,1579,1094,2673
USDMXN,H1,CCIReversalStrategy,mr,16509,821,692,1513
USDMXN,H1,WilliamsRStrategy,mr,16509,1315,1010,2325
USDMXN,H1,DonchianBreakoutStrategy,breakout,16509,773,1036,1809
USDMXN,H1,VolatilityBreakoutStrategy,breakout,16509,568,502,1070
USDMXN,H1,MomentumBurstStrategy,breakout,16509,1164,1074,2238
USDMXN,H1,SqueezeBreakoutStrategy,breakout,16509,314,348,662
USDMXN,H1,KeltnerBreakoutStrategy,breakout,16509,1100,1570,2670
USDMXN,H1,PivotBreakoutStrategy,breakout,16509,2582,2941,5523
USDMXN,H4,EMACrossoverStrategy,trend,4202,85,84,169
USDMXN,H4,SupertrendStrategy,trend,4202,8,8,16
USDMXN,H4,MACDTrendStrategy,trend,4202,166,165,331
USDMXN,H4,ADXTrendStrategy,trend,4202,99,105,204
USDMXN,H4,IchimokuStrategy,trend,4202,32,52,84
USDMXN,H4,HullMATrendStrategy,trend,4202,220,220,440
USDMXN,H4,RSIExtremesStrategy,mr,4202,184,134,318
USDMXN,H4,BollingerBounceStrategy,mr,4202,131,170,301
USDMXN,H4,ZScoreMRStrategy,mr,4202,108,106,214
USDMXN,H4,StochasticReversalStrategy,mr,4202,428,257,685
USDMXN,H4,CCIReversalStrategy,mr,4202,213,157,370
USDMXN,H4,WilliamsRStrategy,mr,4202,305,228,533
USDMXN,H4,DonchianBreakoutStrategy,breakout,4202,179,301,480
USDMXN,H4,VolatilityBreakoutStrategy,breakout,4202,115,66,181
USDMXN,H4,MomentumBurstStrategy,breakout,4202,579,747,1326
USDMXN,H4,SqueezeBreakoutStrategy,breakout,4202,81,100,181
USDMXN,H4,KeltnerBreakoutStrategy,breakout,4202,294,440,734
USDMXN,H4,PivotBreakoutStrategy,breakout,4202,644,694,1338
USDMXN,D1,EMACrossoverStrategy,trend,583,14,13,27
USDMXN,D1,SupertrendStrategy,trend,583,0,0,0
USDMXN,D1,MACDTrendStrategy,trend,583,26,25,51
USDMXN,D1,ADXTrendStrategy,trend,583,15,14,29
USDMXN,D1,IchimokuStrategy,trend,583,8,6,14
USDMXN,D1,HullMATrendStrategy,trend,583,35,35,70
USDMXN,D1,RSIExtremesStrategy,mr,583,31,11,42
USDMXN,D1,BollingerBounceStrategy,mr,583,18,26,44
USDMXN,D1,ZScoreMRStrategy,mr,583,16,21,37
USDMXN,D1,StochasticReversalStrategy,mr,583,71,33,104
USDMXN,D1,CCIReversalStrategy,mr,583,31,24,55
USDMXN,D1,WilliamsRStrategy,mr,583,54,32,86
USDMXN,D1,DonchianBreakoutStrategy,breakout,583,20,49,69
USDMXN,D1,VolatilityBreakoutStrategy,breakout,583,15,6,21
USDMXN,D1,MomentumBurstStrategy,breakout,583,113,154,267
USDMXN,D1,SqueezeBreakoutStrategy,breakout,583,8,12,20
USDMXN,D1,KeltnerBreakoutStrategy,breakout,583,22,38,60
USDMXN,D1,PivotBreakoutStrategy,breakout,583,86,115,201
USDNOK,M30,EMACrossoverStrategy,trend,21232,472,472,944
USDNOK,M30,SupertrendStrategy,trend,21232,41,41,82
USDNOK,M30,MACDTrendStrategy,trend,21232,813,813,1626
USDNOK,M30,ADXTrendStrategy,trend,21232,571,542,1113
USDNOK,M30,IchimokuStrategy,trend,21232,264,249,513
USDNOK,M30,HullMATrendStrategy,trend,21232,1214,1214,2428
USDNOK,M30,RSIExtremesStrategy,mr,21232,700,677,1377
USDNOK,M30,BollingerBounceStrategy,mr,21232,1094,1005,2099
USDNOK,M30,ZScoreMRStrategy,mr,21232,649,629,1278
USDNOK,M30,StochasticReversalStrategy,mr,21232,1681,1692,3373
USDNOK,M30,CCIReversalStrategy,mr,21232,1040,1002,2042
USDNOK,M30,WilliamsRStrategy,mr,21232,1428,1455,2883
USDNOK,M30,DonchianBreakoutStrategy,breakout,21232,1158,1166,2324
USDNOK,M30,VolatilityBreakoutStrategy,breakout,21232,423,435,858
USDNOK,M30,MomentumBurstStrategy,breakout,21232,705,738,1443
USDNOK,M30,SqueezeBreakoutStrategy,breakout,21232,412,429,841
USDNOK,M30,KeltnerBreakoutStrategy,breakout,21232,1262,1446,2708
USDNOK,M30,PivotBreakoutStrategy,breakout,21232,3450,3505,6955
USDNOK,H1,EMACrossoverStrategy,trend,10550,235,235,470
USDNOK,H1,SupertrendStrategy,trend,10550,18,17,35
USDNOK,H1,MACDTrendStrategy,trend,10550,421,421,842
USDNOK,H1,ADXTrendStrategy,trend,10550,278,273,551
USDNOK,H1,IchimokuStrategy,trend,10550,130,112,242
USDNOK,H1,HullMATrendStrategy,trend,10550,602,602,1204
USDNOK,H1,RSIExtremesStrategy,mr,10550,389,348,737
USDNOK,H1,BollingerBounceStrategy,mr,10550,547,514,1061
USDNOK,H1,ZScoreMRStrategy,mr,10550,320,313,633
USDNOK,H1,StochasticReversalStrategy,mr,10550,807,801,1608
USDNOK,H1,CCIReversalStrategy,mr,10550,494,504,998
USDNOK,H1,WilliamsRStrategy,mr,10550,686,685,1371
USDNOK,H1,DonchianBreakoutStrategy,breakout,10550,564,553,1117
USDNOK,H1,VolatilityBreakoutStrategy,breakout,10550,242,240,482
USDNOK,H1,MomentumBurstStrategy,breakout,10550,696,691,1387
USDNOK,H1,SqueezeBreakoutStrategy,breakout,10550,233,222,455
USDNOK,H1,KeltnerBreakoutStrategy,breakout,10550,673,729,1402
USDNOK,H1,PivotBreakoutStrategy,breakout,10550,1666,1699,3365
USDNOK,H4,EMACrossoverStrategy,trend,2653,56,57,113
USDNOK,H4,SupertrendStrategy,trend,2653,4,3,7
USDNOK,H4,MACDTrendStrategy,trend,2653,115,115,230
USDNOK,H4,ADXTrendStrategy,trend,2653,50,49,99
USDNOK,H4,IchimokuStrategy,trend,2653,36,33,69
USDNOK,H4,HullMATrendStrategy,trend,2653,152,151,303
USDNOK,H4,RSIExtremesStrategy,mr,2653,79,91,170
USDNOK,H4,BollingerBounceStrategy,mr,2653,120,114,234
USDNOK,H4,ZScoreMRStrategy,mr,2653,64,77,141
USDNOK,H4,StochasticReversalStrategy,mr,2653,186,225,411
USDNOK,H4,CCIReversalStrategy,mr,2653,114,139,253
USDNOK,H4,WilliamsRStrategy,mr,2653,159,201,360
USDNOK,H4,DonchianBreakoutStrategy,breakout,2653,147,139,286
USDNOK,H4,VolatilityBreakoutStrategy,breakout,2653,49,36,85
USDNOK,H4,MomentumBurstStrategy,breakout,2653,446,381,827
USDNOK,H4,SqueezeBreakoutStrategy,breakout,2653,56,55,111
USDNOK,H4,KeltnerBreakoutStrategy,breakout,2653,144,175,319
USDNOK,H4,PivotBreakoutStrategy,breakout,2653,430,413,843
USDNOK,D1,EMACrossoverStrategy,trend,326,6,7,13
USDNOK,D1,SupertrendStrategy,trend,326,1,0,1
USDNOK,D1,MACDTrendStrategy,trend,326,17,18,35
USDNOK,D1,ADXTrendStrategy,trend,326,6,6,12
USDNOK,D1,IchimokuStrategy,trend,326,2,2,4
USDNOK,D1,HullMATrendStrategy,trend,326,22,22,44
USDNOK,D1,RSIExtremesStrategy,mr,326,11,9,20
USDNOK,D1,BollingerBounceStrategy,mr,326,10,17,27
USDNOK,D1,ZScoreMRStrategy,mr,326,7,11,18
USDNOK,D1,StochasticReversalStrategy,mr,326,35,27,62
USDNOK,D1,CCIReversalStrategy,mr,326,12,17,29
USDNOK,D1,WilliamsRStrategy,mr,326,28,23,51
USDNOK,D1,DonchianBreakoutStrategy,breakout,326,19,22,41
USDNOK,D1,VolatilityBreakoutStrategy,breakout,326,3,2,5
USDNOK,D1,MomentumBurstStrategy,breakout,326,73,80,153
USDNOK,D1,SqueezeBreakoutStrategy,breakout,326,6,8,14
USDNOK,D1,KeltnerBreakoutStrategy,breakout,326,12,26,38
USDNOK,D1,PivotBreakoutStrategy,breakout,326,55,56,111
USDPLN,M30,EMACrossoverStrategy,trend,33084,718,718,1436
USDPLN,M30,SupertrendStrategy,trend,33084,70,69,139
USDPLN,M30,MACDTrendStrategy,trend,33084,1234,1234,2468
USDPLN,M30,ADXTrendStrategy,trend,33084,843,827,1670
USDPLN,M30,IchimokuStrategy,trend,33084,349,381,730
USDPLN,M30,HullMATrendStrategy,trend,33084,1857,1857,3714
USDPLN,M30,RSIExtremesStrategy,mr,33084,1110,1087,2197
USDPLN,M30,BollingerBounceStrategy,mr,33084,1621,1589,3210
USDPLN,M30,ZScoreMRStrategy,mr,33084,932,1052,1984
USDPLN,M30,StochasticReversalStrategy,mr,33084,2479,2684,5163
USDPLN,M30,CCIReversalStrategy,mr,33084,1611,1585,3196
USDPLN,M30,WilliamsRStrategy,mr,33084,2097,2265,4362
USDPLN,M30,DonchianBreakoutStrategy,breakout,33084,1958,1746,3704
USDPLN,M30,VolatilityBreakoutStrategy,breakout,33084,807,690,1497
USDPLN,M30,MomentumBurstStrategy,breakout,33084,1298,1208,2506
USDPLN,M30,SqueezeBreakoutStrategy,breakout,33084,639,639,1278
USDPLN,M30,KeltnerBreakoutStrategy,breakout,33084,2051,2414,4465
USDPLN,M30,PivotBreakoutStrategy,breakout,33084,5358,5400,10758
USDPLN,H1,EMACrossoverStrategy,trend,16482,346,346,692
USDPLN,H1,SupertrendStrategy,trend,16482,40,41,81
USDPLN,H1,MACDTrendStrategy,trend,16482,650,650,1300
USDPLN,H1,ADXTrendStrategy,trend,16482,464,454,918
USDPLN,H1,IchimokuStrategy,trend,16482,154,189,343
USDPLN,H1,HullMATrendStrategy,trend,16482,924,924,1848
USDPLN,H1,RSIExtremesStrategy,mr,16482,575,574,1149
USDPLN,H1,BollingerBounceStrategy,mr,16482,841,778,1619
USDPLN,H1,ZScoreMRStrategy,mr,16482,533,526,1059
USDPLN,H1,StochasticReversalStrategy,mr,16482,1297,1283,2580
USDPLN,H1,CCIReversalStrategy,mr,16482,752,756,1508
USDPLN,H1,WilliamsRStrategy,mr,16482,1092,1116,2208
USDPLN,H1,DonchianBreakoutStrategy,breakout,16482,866,885,1751
USDPLN,H1,VolatilityBreakoutStrategy,breakout,16482,461,420,881
USDPLN,H1,MomentumBurstStrategy,breakout,16482,1276,1224,2500
USDPLN,H1,SqueezeBreakoutStrategy,breakout,16482,295,336,631
USDPLN,H1,KeltnerBreakoutStrategy,breakout,16482,1171,1361,2532
USDPLN,H1,PivotBreakoutStrategy,breakout,16482,2621,2668,5289
USDPLN,H4,EMACrossoverStrategy,trend,4202,91,90,181
USDPLN,H4,SupertrendStrategy,trend,4202,7,7,14
USDPLN,H4,MACDTrendStrategy,trend,4202,164,164,328
USDPLN,H4,ADXTrendStrategy,trend,4202,115,100,215
USDPLN,H4,IchimokuStrategy,trend,4202,53,53,106
USDPLN,H4,HullMATrendStrategy,trend,4202,224,224,448
USDPLN,H4,RSIExtremesStrategy,mr,4202,156,124,280
USDPLN,H4,BollingerBounceStrategy,mr,4202,155,155,310
USDPLN,H4,ZScoreMRStrategy,mr,4202,109,104,213
USDPLN,H4,StochasticReversalStrategy,mr,4202,356,325,681
USDPLN,H4,CCIReversalStrategy,mr,4202,202,175,377
USDPLN,H4,WilliamsRStrategy,mr,4202,288,261,549
USDPLN,H4,DonchianBreakoutStrategy,breakout,4202,226,256,482
USDPLN,H4,VolatilityBreakoutStrategy,breakout,4202,89,91,180
USDPLN,H4,MomentumBurstStrategy,breakout,4202,690,739,1429
USDPLN,H4,SqueezeBreakoutStrategy,breakout,4202,73,96,169
USDPLN,H4,KeltnerBreakoutStrategy,breakout,4202,304,318,622
USDPLN,H4,PivotBreakoutStrategy,breakout,4202,703,608,1311
USDPLN,D1,EMACrossoverStrategy,trend,583,10,10,20
USDPLN,D1,SupertrendStrategy,trend,583,0,0,0
USDPLN,D1,MACDTrendStrategy,trend,583,19,19,38
USDPLN,D1,ADXTrendStrategy,trend,583,14,13,27
USDPLN,D1,IchimokuStrategy,trend,583,2,6,8
USDPLN,D1,HullMATrendStrategy,trend,583,29,29,58
USDPLN,D1,RSIExtremesStrategy,mr,583,24,13,37
USDPLN,D1,BollingerBounceStrategy,mr,583,31,22,53
USDPLN,D1,ZScoreMRStrategy,mr,583,22,13,35
USDPLN,D1,StochasticReversalStrategy,mr,583,65,45,110
USDPLN,D1,CCIReversalStrategy,mr,583,38,27,65
USDPLN,D1,WilliamsRStrategy,mr,583,56,39,95
USDPLN,D1,DonchianBreakoutStrategy,breakout,583,24,52,76
USDPLN,D1,VolatilityBreakoutStrategy,breakout,583,8,4,12
USDPLN,D1,MomentumBurstStrategy,breakout,583,118,160,278
USDPLN,D1,SqueezeBreakoutStrategy,breakout,583,13,11,24
USDPLN,D1,KeltnerBreakoutStrategy,breakout,583,21,40,61
USDPLN,D1,PivotBreakoutStrategy,breakout,583,97,112,209
USDSGD,M30,EMACrossoverStrategy,trend,33102,706,705,1411
USDSGD,M30,SupertrendStrategy,trend,33102,59,59,118
USDSGD,M30,MACDTrendStrategy,trend,33102,1317,1317,2634
USDSGD,M30,ADXTrendStrategy,trend,33102,802,796,1598
USDSGD,M30,IchimokuStrategy,trend,33102,358,347,705
USDSGD,M30,HullMATrendStrategy,trend,33102,1875,1876,3751
USDSGD,M30,RSIExtremesStrategy,mr,33102,1020,1043,2063
USDSGD,M30,BollingerBounceStrategy,mr,33102,1388,1387,2775
USDSGD,M30,ZScoreMRStrategy,mr,33102,949,987,1936
USDSGD,M30,StochasticReversalStrategy,mr,33102,2641,2766,5407
USDSGD,M30,CCIReversalStrategy,mr,33102,1629,1602,3231
USDSGD,M30,WilliamsRStrategy,mr,33102,2171,2376,4547
USDSGD,M30,DonchianBreakoutStrategy,breakout,33102,1952,2030,3982
USDSGD,M30,VolatilityBreakoutStrategy,breakout,33102,648,677,1325
USDSGD,M30,MomentumBurstStrategy,breakout,33102,72,123,195
USDSGD,M30,SqueezeBreakoutStrategy,breakout,33102,646,663,1309
USDSGD,M30,KeltnerBreakoutStrategy,breakout,33102,2120,2553,4673
USDSGD,M30,PivotBreakoutStrategy,breakout,33102,5574,5787,11361
USDSGD,H1,EMACrossoverStrategy,trend,16487,364,364,728
USDSGD,H1,SupertrendStrategy,trend,16487,28,28,56
USDSGD,H1,MACDTrendStrategy,trend,16487,624,625,1249
USDSGD,H1,ADXTrendStrategy,trend,16487,418,389,807
USDSGD,H1,IchimokuStrategy,trend,16487,176,163,339
USDSGD,H1,HullMATrendStrategy,trend,16487,945,945,1890
USDSGD,H1,RSIExtremesStrategy,mr,16487,534,518,1052
USDSGD,H1,BollingerBounceStrategy,mr,16487,678,654,1332
USDSGD,H1,ZScoreMRStrategy,mr,16487,464,470,934
USDSGD,H1,StochasticReversalStrategy,mr,16487,1314,1392,2706
USDSGD,H1,CCIReversalStrategy,mr,16487,765,798,1563
USDSGD,H1,WilliamsRStrategy,mr,16487,1081,1188,2269
USDSGD,H1,DonchianBreakoutStrategy,breakout,16487,957,1008,1965
USDSGD,H1,VolatilityBreakoutStrategy,breakout,16487,280,306,586
USDSGD,H1,MomentumBurstStrategy,breakout,16487,114,167,281
USDSGD,H1,SqueezeBreakoutStrategy,breakout,16487,329,333,662
USDSGD,H1,KeltnerBreakoutStrategy,breakout,16487,1103,1228,2331
USDSGD,H1,PivotBreakoutStrategy,breakout,16487,2749,2830,5579
USDSGD,H4,EMACrossoverStrategy,trend,4202,86,86,172
USDSGD,H4,SupertrendStrategy,trend,4202,5,5,10
USDSGD,H4,MACDTrendStrategy,trend,4202,168,168,336
USDSGD,H4,ADXTrendStrategy,trend,4202,100,96,196
USDSGD,H4,IchimokuStrategy,trend,4202,44,47,91
USDSGD,H4,HullMATrendStrategy,trend,4202,229,229,458
USDSGD,H4,RSIExtremesStrategy,mr,4202,118,144,262
USDSGD,H4,BollingerBounceStrategy,mr,4202,165,149,314
USDSGD,H4,ZScoreMRStrategy,mr,4202,120,114,234
USDSGD,H4,StochasticReversalStrategy,mr,4202,325,378,703
USDSGD,H4,CCIReversalStrategy,mr,4202,184,203,387
USDSGD,H4,WilliamsRStrategy,mr,4202,259,294,553
USDSGD,H4,DonchianBreakoutStrategy,breakout,4202,264,245,509
USDSGD,H4,VolatilityBreakoutStrategy,breakout,4202,55,76,131
USDSGD,H4,MomentumBurstStrategy,breakout,4202,219,257,476
USDSGD,H4,SqueezeBreakoutStrategy,breakout,4202,92,98,190
USDSGD,H4,KeltnerBreakoutStrategy,breakout,4202,266,290,556
USDSGD,H4,PivotBreakoutStrategy,breakout,4202,728,673,1401
USDSGD,D1,EMACrossoverStrategy,trend,583,10,9,19
USDSGD,D1,SupertrendStrategy,trend,583,0,0,0
USDSGD,D1,MACDTrendStrategy,trend,583,29,28,57
USDSGD,D1,ADXTrendStrategy,trend,583,12,10,22
USDSGD,D1,IchimokuStrategy,trend,583,5,2,7
USDSGD,D1,HullMATrendStrategy,trend,583,26,26,52
USDSGD,D1,RSIExtremesStrategy,mr,583,28,18,46
USDSGD,D1,BollingerBounceStrategy,mr,583,29,21,50
USDSGD,D1,ZScoreMRStrategy,mr,583,22,12,34
USDSGD,D1,StochasticReversalStrategy,mr,583,50,54,104
USDSGD,D1,CCIReversalStrategy,mr,583,30,34,64
USDSGD,D1,WilliamsRStrategy,mr,583,46,43,89
USDSGD,D1,DonchianBreakoutStrategy,breakout,583,39,45,84
USDSGD,D1,VolatilityBreakoutStrategy,breakout,583,6,11,17
USDSGD,D1,MomentumBurstStrategy,breakout,583,109,109,218
USDSGD,D1,SqueezeBreakoutStrategy,breakout,583,9,13,22
USDSGD,D1,KeltnerBreakoutStrategy,breakout,583,25,47,72
USDSGD,D1,PivotBreakoutStrategy,breakout,583,99,97,196
USDTRY,M30,EMACrossoverStrategy,trend,34166,898,898,1796
USDTRY,M30,SupertrendStrategy,trend,34166,295,295,590
USDTRY,M30,MACDTrendStrategy,trend,34166,1342,1343,2685
USDTRY,M30,ADXTrendStrategy,trend,34166,1040,1008,2048
USDTRY,M30,IchimokuStrategy,trend,34166,714,198,912
USDTRY,M30,HullMATrendStrategy,trend,34166,2054,2054,4108
USDTRY,M30,RSIExtremesStrategy,mr,34166,1026,1446,2472
USDTRY,M30,BollingerBounceStrategy,mr,34166,2120,1428,3548
USDTRY,M30,ZScoreMRStrategy,mr,34166,1037,898,1935
USDTRY,M30,StochasticReversalStrategy,mr,34166,1503,3890,5393
USDTRY,M30,CCIReversalStrategy,mr,34166,1664,1764,3428
USDTRY,M30,WilliamsRStrategy,mr,34166,1408,2264,3672
USDTRY,M30,DonchianBreakoutStrategy,breakout,34166,2012,773,2785
USDTRY,M30,VolatilityBreakoutStrategy,breakout,34166,1161,1092,2253
USDTRY,M30,MomentumBurstStrategy,breakout,34166,684,436,1120
USDTRY,M30,SqueezeBreakoutStrategy,breakout,34166,834,652,1486
USDTRY,M30,KeltnerBreakoutStrategy,breakout,34166,3934,1240,5174
USDTRY,M30,PivotBreakoutStrategy,breakout,34166,5724,5257,10981
USDTRY,H1,EMACrossoverStrategy,trend,17133,481,480,961
USDTRY,H1,SupertrendStrategy,trend,17133,87,86,173
USDTRY,H1,MACDTrendStrategy,trend,17133,806,805,1611
USDTRY,H1,ADXTrendStrategy,trend,17133,522,481,1003
USDTRY,H1,IchimokuStrategy,trend,17133,460,101,561
USDTRY,H1,HullMATrendStrategy,trend,17133,958,958,1916
USDTRY,H1,RSIExtremesStrategy,mr,17133,474,809,1283
USDTRY,H1,BollingerBounceStrategy,mr,17133,1116,746,1862
USDTRY,H1,ZScoreMRStrategy,mr,17133,453,438,891
USDTRY,H1,StochasticReversalStrategy,mr,17133,597,2102,2699
USDTRY,H1,CCIReversalStrategy,mr,17133,796,993,1789
USDTRY,H1,WilliamsRStrategy,mr,17133,576,1152,1728
USDTRY,H1,DonchianBreakoutStrategy,breakout,17133,1089,238,1327
USDTRY,H1,VolatilityBreakoutStrategy,breakout,17133,463,455,918
USDTRY,H1,MomentumBurstStrategy,breakout,17133,624,361,985
USDTRY,H1,SqueezeBreakoutStrategy,breakout,17133,509,219,728
USDTRY,H1,KeltnerBreakoutStrategy,breakout,17133,1421,380,1801
USDTRY,H1,PivotBreakoutStrategy,breakout,17133,2745,2500,5245
USDTRY,H4,EMACrossoverStrategy,trend,4200,88,88,176
USDTRY,H4,SupertrendStrategy,trend,4200,8,9,17
USDTRY,H4,MACDTrendStrategy,trend,4200,234,235,469
USDTRY,H4,ADXTrendStrategy,trend,4200,95,88,183
USDTRY,H4,IchimokuStrategy,trend,4200,118,14,132
USDTRY,H4,HullMATrendStrategy,trend,4200,308,308,616
USDTRY,H4,RSIExtremesStrategy,mr,4200,48,204,252
USDTRY,H4,BollingerBounceStrategy,mr,4200,328,243,571
USDTRY,H4,ZScoreMRStrategy,mr,4200,92,128,220
USDTRY,H4,StochasticReversalStrategy,mr,4200,76,616,692
USDTRY,H4,CCIReversalStrategy,mr,4200,189,442,631
USDTRY,H4,WilliamsRStrategy,mr,4200,75,345,420
USDTRY,H4,DonchianBreakoutStrategy,breakout,4200,470,25,495
USDTRY,H4,VolatilityBreakoutStrategy,breakout,4200,83,73,156
USDTRY,H4,MomentumBurstStrategy,breakout,4200,421,123,544
USDTRY,H4,SqueezeBreakoutStrategy,breakout,4200,112,28,140
USDTRY,H4,KeltnerBreakoutStrategy,breakout,4200,292,33,325
USDTRY,H4,PivotBreakoutStrategy,breakout,4200,759,536,1295
USDTRY,D1,EMACrossoverStrategy,trend,583,7,6,13
USDTRY,D1,SupertrendStrategy,trend,583,0,1,1
USDTRY,D1,MACDTrendStrategy,trend,583,25,24,49
USDTRY,D1,ADXTrendStrategy,trend,583,11,10,21
USDTRY,D1,IchimokuStrategy,trend,583,11,0,11
USDTRY,D1,HullMATrendStrategy,trend,583,32,32,64
USDTRY,D1,RSIExtremesStrategy,mr,583,3,40,43
USDTRY,D1,BollingerBounceStrategy,mr,583,38,71,109
USDTRY,D1,ZScoreMRStrategy,mr,583,7,25,32
USDTRY,D1,StochasticReversalStrategy,mr,583,2,103,105
USDTRY,D1,CCIReversalStrategy,mr,583,14,67,81
USDTRY,D1,WilliamsRStrategy,mr,583,2,54,56
USDTRY,D1,DonchianBreakoutStrategy,breakout,583,90,2,92
USDTRY,D1,VolatilityBreakoutStrategy,breakout,583,8,6,14
USDTRY,D1,MomentumBurstStrategy,breakout,583,164,22,186
USDTRY,D1,SqueezeBreakoutStrategy,breakout,583,9,2,11
USDTRY,D1,KeltnerBreakoutStrategy,breakout,583,74,1,75
USDTRY,D1,PivotBreakoutStrategy,breakout,583,75,47,122
USDZAR,M30,EMACrossoverStrategy,trend,34454,774,774,1548
USDZAR,M30,SupertrendStrategy,trend,34454,97,98,195
USDZAR,M30,MACDTrendStrategy,trend,34454,1341,1341,2682
USDZAR,M30,ADXTrendStrategy,trend,34454,913,898,1811
USDZAR,M30,IchimokuStrategy,trend,34454,394,425,819
USDZAR,M30,HullMATrendStrategy,trend,34454,2018,2019,4037
USDZAR,M30,RSIExtremesStrategy,mr,34454,1129,1077,2206
USDZAR,M30,BollingerBounceStrategy,mr,34454,1495,1514,3009
USDZAR,M30,ZScoreMRStrategy,mr,34454,986,1028,2014
USDZAR,M30,StochasticReversalStrategy,mr,34454,2751,2725,5476
USDZAR,M30,CCIReversalStrategy,mr,34454,1684,1601,3285
USDZAR,M30,WilliamsRStrategy,mr,34454,2368,2409,4777
USDZAR,M30,DonchianBreakoutStrategy,breakout,34454,1950,1836,3786
USDZAR,M30,VolatilityBreakoutStrategy,breakout,34454,983,893,1876
USDZAR,M30,MomentumBurstStrategy,breakout,34454,1995,1783,3778
USDZAR,M30,SqueezeBreakoutStrategy,breakout,34454,676,679,1355
USDZAR,M30,KeltnerBreakoutStrategy,breakout,34454,2390,2486,4876
USDZAR,M30,PivotBreakoutStrategy,breakout,34454,5918,5982,11900
USDZAR,H1,EMACrossoverStrategy,trend,17174,373,373,746
USDZAR,H1,SupertrendStrategy,trend,17174,35,35,70
USDZAR,H1,MACDTrendStrategy,trend,17174,719,718,1437
USDZAR,H1,ADXTrendStrategy,trend,17174,482,471,953
USDZAR,H1,IchimokuStrategy,trend,17174,170,185,355
USDZAR,H1,HullMATrendStrategy,trend,17174,993,993,1986
USDZAR,H1,RSIExtremesStrategy,mr,17174,627,575,1202
USDZAR,H1,BollingerBounceStrategy,mr,17174,802,843,1645
USDZAR,H1,ZScoreMRStrategy,mr,17174,543,547,1090
USDZAR,H1,StochasticReversalStrategy,mr,17174,1417,1339,2756
USDZAR,H1,CCIReversalStrategy,mr,17174,796,776,1572
USDZAR,H1,WilliamsRStrategy,mr,17174,1195,1180,2375
USDZAR,H1,DonchianBreakoutStrategy,breakout,17174,941,949,1890
USDZAR,H1,VolatilityBreakoutStrategy,breakout,17174,486,473,959
USDZAR,H1,MomentumBurstStrategy,breakout,17174,1698,1635,3333
USDZAR,H1,SqueezeBreakoutStrategy,breakout,17174,347,342,689
USDZAR,H1,KeltnerBreakoutStrategy,breakout,17174,1257,1251,2508
USDZAR,H1,PivotBreakoutStrategy,breakout,17174,2909,2971,5880
USDZAR,H4,EMACrossoverStrategy,trend,4202,93,93,186
USDZAR,H4,SupertrendStrategy,trend,4202,7,6,13
USDZAR,H4,MACDTrendStrategy,trend,4202,179,180,359
USDZAR,H4,ADXTrendStrategy,trend,4202,111,108,219
USDZAR,H4,IchimokuStrategy,trend,4202,58,40,98
USDZAR,H4,HullMATrendStrategy,trend,4202,219,218,437
USDZAR,H4,RSIExtremesStrategy,mr,4202,139,138,277
USDZAR,H4,BollingerBounceStrategy,mr,4202,176,154,330
USDZAR,H4,ZScoreMRStrategy,mr,4202,107,115,222
USDZAR,H4,StochasticReversalStrategy,mr,4202,348,335,683
USDZAR,H4,CCIReversalStrategy,mr,4202,186,191,377
USDZAR,H4,WilliamsRStrategy,mr,4202,293,281,574
USDZAR,H4,DonchianBreakoutStrategy,breakout,4202,220,233,453
USDZAR,H4,VolatilityBreakoutStrategy,breakout,4202,74,64,138
USDZAR,H4,MomentumBurstStrategy,breakout,4202,800,824,1624
USDZAR,H4,SqueezeBreakoutStrategy,breakout,4202,91,83,174
USDZAR,H4,KeltnerBreakoutStrategy,breakout,4202,269,271,540
USDZAR,H4,PivotBreakoutStrategy,breakout,4202,710,623,1333
USDZAR,D1,EMACrossoverStrategy,trend,583,17,16,33
USDZAR,D1,SupertrendStrategy,trend,583,0,0,0
USDZAR,D1,MACDTrendStrategy,trend,583,27,26,53
USDZAR,D1,ADXTrendStrategy,trend,583,12,11,23
USDZAR,D1,IchimokuStrategy,trend,583,5,9,14
USDZAR,D1,HullMATrendStrategy,trend,583,33,34,67
USDZAR,D1,RSIExtremesStrategy,mr,583,16,13,29
USDZAR,D1,BollingerBounceStrategy,mr,583,19,25,44
USDZAR,D1,ZScoreMRStrategy,mr,583,14,16,30
USDZAR,D1,StochasticReversalStrategy,mr,583,49,46,95
USDZAR,D1,CCIReversalStrategy,mr,583,28,36,64
USDZAR,D1,WilliamsRStrategy,mr,583,37,45,82
USDZAR,D1,DonchianBreakoutStrategy,breakout,583,30,37,67
USDZAR,D1,VolatilityBreakoutStrategy,breakout,583,2,4,6
USDZAR,D1,MomentumBurstStrategy,breakout,583,154,127,281
USDZAR,D1,SqueezeBreakoutStrategy,breakout,583,11,15,26
USDZAR,D1,KeltnerBreakoutStrategy,breakout,583,8,22,30
USDZAR,D1,PivotBreakoutStrategy,breakout,583,102,104,206
XAGUSD,M30,EMACrossoverStrategy,trend,32755,740,740,1480
XAGUSD,M30,SupertrendStrategy,trend,32755,71,71,142
XAGUSD,M30,MACDTrendStrategy,trend,32755,1271,1271,2542
XAGUSD,M30,ADXTrendStrategy,trend,32755,840,845,1685
XAGUSD,M30,IchimokuStrategy,trend,32755,411,356,767
XAGUSD,M30,HullMATrendStrategy,trend,32755,1863,1862,3725
XAGUSD,M30,RSIExtremesStrategy,mr,32755,1049,1115,2164
XAGUSD,M30,BollingerBounceStrategy,mr,32755,1572,1543,3115
XAGUSD,M30,ZScoreMRStrategy,mr,32755,984,1022,2006
XAGUSD,M30,StochasticReversalStrategy,mr,32755,2463,2761,5224
XAGUSD,M30,CCIReversalStrategy,mr,32755,1487,1588,3075
XAGUSD,M30,WilliamsRStrategy,mr,32755,2177,2302,4479
XAGUSD,M30,DonchianBreakoutStrategy,breakout,32755,1957,1726,3683
XAGUSD,M30,VolatilityBreakoutStrategy,breakout,32755,719,776,1495
XAGUSD,M30,MomentumBurstStrategy,breakout,32755,4364,4169,8533
XAGUSD,M30,SqueezeBreakoutStrategy,breakout,32755,631,590,1221
XAGUSD,M30,KeltnerBreakoutStrategy,breakout,32755,2682,2298,4980
XAGUSD,M30,PivotBreakoutStrategy,breakout,32755,5619,5463,11082
XAGUSD,H1,EMACrossoverStrategy,trend,16323,358,357,715
XAGUSD,H1,SupertrendStrategy,trend,16323,42,42,84
XAGUSD,H1,MACDTrendStrategy,trend,16323,611,610,1221
XAGUSD,H1,ADXTrendStrategy,trend,16323,408,424,832
XAGUSD,H1,IchimokuStrategy,trend,16323,198,178,376
XAGUSD,H1,HullMATrendStrategy,trend,16323,922,921,1843
XAGUSD,H1,RSIExtremesStrategy,mr,16323,504,564,1068
XAGUSD,H1,BollingerBounceStrategy,mr,16323,774,736,1510
XAGUSD,H1,ZScoreMRStrategy,mr,16323,482,478,960
XAGUSD,H1,StochasticReversalStrategy,mr,16323,1187,1345,2532
XAGUSD,H1,CCIReversalStrategy,mr,16323,733,767,1500
XAGUSD,H1,WilliamsRStrategy,mr,16323,1030,1079,2109
XAGUSD,H1,DonchianBreakoutStrategy,breakout,16323,932,786,1718
XAGUSD,H1,VolatilityBreakoutStrategy,breakout,16323,384,408,792
XAGUSD,H1,MomentumBurstStrategy,breakout,16323,2946,2807,5753
XAGUSD,H1,SqueezeBreakoutStrategy,breakout,16323,341,333,674
XAGUSD,H1,KeltnerBreakoutStrategy,breakout,16323,1372,1167,2539
XAGUSD,H1,PivotBreakoutStrategy,breakout,16323,2756,2673,5429
XAGUSD,H4,EMACrossoverStrategy,trend,4179,89,88,177
XAGUSD,H4,SupertrendStrategy,trend,4179,10,9,19
XAGUSD,H4,MACDTrendStrategy,trend,4179,160,159,319
XAGUSD,H4,ADXTrendStrategy,trend,4179,116,110,226
XAGUSD,H4,IchimokuStrategy,trend,4179,38,44,82
XAGUSD,H4,HullMATrendStrategy,trend,4179,230,230,460
XAGUSD,H4,RSIExtremesStrategy,mr,4179,128,136,264
XAGUSD,H4,BollingerBounceStrategy,mr,4179,168,174,342
XAGUSD,H4,ZScoreMRStrategy,mr,4179,113,121,234
XAGUSD,H4,StochasticReversalStrategy,mr,4179,307,333,640
XAGUSD,H4,CCIReversalStrategy,mr,4179,178,208,386
XAGUSD,H4,WilliamsRStrategy,mr,4179,257,290,547
XAGUSD,H4,DonchianBreakoutStrategy,breakout,4179,268,221,489
XAGUSD,H4,VolatilityBreakoutStrategy,breakout,4179,98,84,182
XAGUSD,H4,MomentumBurstStrategy,breakout,4179,983,950,1933
XAGUSD,H4,SqueezeBreakoutStrategy,breakout,4179,94,74,168
XAGUSD,H4,KeltnerBreakoutStrategy,breakout,4179,356,327,683
XAGUSD,H4,PivotBreakoutStrategy,breakout,4179,695,694,1389
XAGUSD,D1,EMACrossoverStrategy,trend,580,16,17,33
XAGUSD,D1,SupertrendStrategy,trend,580,0,0,0
XAGUSD,D1,MACDTrendStrategy,trend,580,25,25,50
XAGUSD,D1,ADXTrendStrategy,trend,580,15,15,30
XAGUSD,D1,IchimokuStrategy,trend,580,8,9,17
XAGUSD,D1,HullMATrendStrategy,trend,580,33,32,65
XAGUSD,D1,RSIExtremesStrategy,mr,580,18,26,44
XAGUSD,D1,BollingerBounceStrategy,mr,580,18,27,45
XAGUSD,D1,ZScoreMRStrategy,mr,580,11,18,29
XAGUSD,D1,StochasticReversalStrategy,mr,580,43,54,97
XAGUSD,D1,CCIReversalStrategy,mr,580,29,34,63
XAGUSD,D1,WilliamsRStrategy,mr,580,35,42,77
XAGUSD,D1,DonchianBreakoutStrategy,breakout,580,46,26,72
XAGUSD,D1,VolatilityBreakoutStrategy,breakout,580,11,8,19
XAGUSD,D1,MomentumBurstStrategy,breakout,580,166,152,318
XAGUSD,D1,SqueezeBreakoutStrategy,breakout,580,12,7,19
XAGUSD,D1,KeltnerBreakoutStrategy,breakout,580,47,16,63
XAGUSD,D1,PivotBreakoutStrategy,breakout,580,102,94,196
XAUUSD,M30,EMACrossoverStrategy,trend,32817,749,749,1498
XAUUSD,M30,SupertrendStrategy,trend,32817,60,59,119
XAUUSD,M30,MACDTrendStrategy,trend,32817,1238,1239,2477
XAUUSD,M30,ADXTrendStrategy,trend,32817,855,848,1703
XAUUSD,M30,IchimokuStrategy,trend,32817,370,354,724
XAUUSD,M30,HullMATrendStrategy,trend,32817,1812,1812,3624
XAUUSD,M30,RSIExtremesStrategy,mr,32817,1061,1140,2201
XAUUSD,M30,BollingerBounceStrategy,mr,32817,1602,1619,3221
XAUUSD,M30,ZScoreMRStrategy,mr,32817,974,1052,2026
XAUUSD,M30,StochasticReversalStrategy,mr,32817,2443,2716,5159
XAUUSD,M30,CCIReversalStrategy,mr,32817,1515,1524,3039
XAUUSD,M30,WilliamsRStrategy,mr,32817,2237,2287,4524
XAUUSD,M30,DonchianBreakoutStrategy,breakout,32817,1901,1585,3486
XAUUSD,M30,VolatilityBreakoutStrategy,breakout,32817,695,629,1324
XAUUSD,M30,MomentumBurstStrategy,breakout,32817,1671,1532,3203
XAUUSD,M30,SqueezeBreakoutStrategy,breakout,32817,635,608,1243
XAUUSD,M30,KeltnerBreakoutStrategy,breakout,32817,2588,1886,4474
XAUUSD,M30,PivotBreakoutStrategy,breakout,32817,5549,5348,10897
XAUUSD,H1,EMACrossoverStrategy,trend,16354,360,359,719
XAUUSD,H1,SupertrendStrategy,trend,16354,45,45,90
XAUUSD,H1,MACDTrendStrategy,trend,16354,613,613,1226
XAUUSD,H1,ADXTrendStrategy,trend,16354,423,429,852
XAUUSD,H1,IchimokuStrategy,trend,16354,187,182,369
XAUUSD,H1,HullMATrendStrategy,trend,16354,891,891,1782
XAUUSD,H1,RSIExtremesStrategy,mr,16354,518,593,1111
XAUUSD,H1,BollingerBounceStrategy,mr,16354,740,776,1516
XAUUSD,H1,ZScoreMRStrategy,mr,16354,446,514,960
XAUUSD,H1,StochasticReversalStrategy,mr,16354,1182,1337,2519
XAUUSD,H1,CCIReversalStrategy,mr,16354,717,749,1466
XAUUSD,H1,WilliamsRStrategy,mr,16354,1063,1114,2177
XAUUSD,H1,DonchianBreakoutStrategy,breakout,16354,913,720,1633
XAUUSD,H1,VolatilityBreakoutStrategy,breakout,16354,416,378,794
XAUUSD,H1,MomentumBurstStrategy,breakout,16354,1577,1401,2978
XAUUSD,H1,SqueezeBreakoutStrategy,breakout,16354,351,318,669
XAUUSD,H1,KeltnerBreakoutStrategy,breakout,16354,1402,1077,2479
XAUUSD,H1,PivotBreakoutStrategy,breakout,16354,2739,2575,5314
XAUUSD,H4,EMACrossoverStrategy,trend,4179,81,80,161
XAUUSD,H4,SupertrendStrategy,trend,4179,7,8,15
XAUUSD,H4,MACDTrendStrategy,trend,4179,171,170,341
XAUUSD,H4,ADXTrendStrategy,trend,4179,106,109,215
XAUUSD,H4,IchimokuStrategy,trend,4179,46,44,90
XAUUSD,H4,HullMATrendStrategy,trend,4179,227,227,454
XAUUSD,H4,RSIExtremesStrategy,mr,4179,124,163,287
XAUUSD,H4,BollingerBounceStrategy,mr,4179,145,189,334
XAUUSD,H4,ZScoreMRStrategy,mr,4179,104,135,239
XAUUSD,H4,StochasticReversalStrategy,mr,4179,296,352,648
XAUUSD,H4,CCIReversalStrategy,mr,4179,179,198,377
XAUUSD,H4,WilliamsRStrategy,mr,4179,257,291,548
XAUUSD,H4,DonchianBreakoutStrategy,breakout,4179,275,188,463
XAUUSD,H4,VolatilityBreakoutStrategy,breakout,4179,91,82,173
XAUUSD,H4,MomentumBurstStrategy,breakout,4179,844,698,1542
XAUUSD,H4,SqueezeBreakoutStrategy,breakout,4179,84,74,158
XAUUSD,H4,KeltnerBreakoutStrategy,breakout,4179,415,246,661
XAUUSD,H4,PivotBreakoutStrategy,breakout,4179,731,681,1412
XAUUSD,D1,EMACrossoverStrategy,trend,580,13,12,25
XAUUSD,D1,SupertrendStrategy,trend,580,0,0,0
XAUUSD,D1,MACDTrendStrategy,trend,580,32,31,63
XAUUSD,D1,ADXTrendStrategy,trend,580,12,15,27
XAUUSD,D1,IchimokuStrategy,trend,580,9,6,15
XAUUSD,D1,HullMATrendStrategy,trend,580,30,29,59
XAUUSD,D1,RSIExtremesStrategy,mr,580,9,27,36
XAUUSD,D1,BollingerBounceStrategy,mr,580,9,35,44
XAUUSD,D1,ZScoreMRStrategy,mr,580,7,22,29
XAUUSD,D1,StochasticReversalStrategy,mr,580,39,55,94
XAUUSD,D1,CCIReversalStrategy,mr,580,22,29,51
XAUUSD,D1,WilliamsRStrategy,mr,580,33,44,77
XAUUSD,D1,DonchianBreakoutStrategy,breakout,580,60,26,86
XAUUSD,D1,VolatilityBreakoutStrategy,breakout,580,12,8,20
XAUUSD,D1,MomentumBurstStrategy,breakout,580,177,122,299
XAUUSD,D1,SqueezeBreakoutStrategy,breakout,580,15,8,23
XAUUSD,D1,KeltnerBreakoutStrategy,breakout,580,81,15,96
XAUUSD,D1,PivotBreakoutStrategy,breakout,580,107,90,197
